index,target
3135,
4655,12
22118,2
23511,0
45,
19006,
23989,
21464,2
20344,
26679,
11295,
1007,
23199,3
23424,
3313,
24286,1
8744,
22961,
20140,
1399,
23708,
20569,
7730,
23504,
25792,
7995,30
21646,27
20689,
21674,
486,
20516,2
7861,
12323,
24087,1
3460,
22836,2 30
24411,
351,
10899,
24444,
1721,
21414,20
20245,
13221,
10253,0
24410,
17422,27
4275,0
18589,
20024,
11393,
122,
494,
15134,28
8177,
22892,
12678,
4714,28
23945,0
19490,30
21056,19
6554,28
896,
397,
10630,
7526,12
12017,
17576,0
22278,
11203,0
22440,
21051,0
24053,0
25851,
276,
825,
23089,
10608,19
8685,0
2734,
18054,
16946,
23791,0
8908,
4097,
195,
25552,1
12744,12
21238,
22016,
20751,
1152,
24426,
15438,
24966,
3916,
22262,
9607,
25040,
7796,
11303,
26133,
17603,
25826,
7641,27
14468,
22797,
9696,
3943,
7289,
13338,
25572,
17073,
2465,
8510,
23707,
24467,
25749,
23461,
10147,
26412,
27029,
14720,
6022,
15849,
21813,
25019,
14140,
23440,
25115,
20177,
25964,12
22805,
26298,
13783,2
25811,
19758,
16053,
510,
5157,30
24375,
15515,2
16221,
20827,2
22730,
25205,19
15414,27
22569,
23783,
26466,
588,
21865,
22011,28
21046,
26037,
26181,
10949,
19369,
21044,1
24933,
20498,
24647,
22033,
13676,
2045,
18841,3
25089,
11356,2
9116,
14834,
20595,0
20870,
1055,
4287,3
21681,
2945,
22489,
8254,
23879,
21168,
23441,
26108,
25106,
11376,
5233,0 30
3254,
7597,28
24812,12
26469,27
578,
23716,0
5653,
23078,
24952,
23454,
16449,
18438,
21732,
26142,
11482,3
16067,
24824,0
26001,27
21589,
902,
19859,
7002,0
23074,3 30
23171,0
16465,
24548,
26926,
25483,
26393,
1683,
22460,
26252,
22354,
25273,
1071,2
26811,
26907,
26497,
6390,
8412,
22670,
10575,
24913,
17913,2
19134,
26215,
3419,
21294,12
20394,
25980,27
21718,
20422,
19723,
1064,
15602,
11690,
9573,
22224,
4118,
22432,
22423,
6775,
8485,
18522,
25482,12
12240,
25021,19
23380,
23589,
520,
4431,
9032,
19692,
6670,
25404,
23976,
22627,
17620,
23096,
22009,
11715,27
21196,
24567,
25197,
2915,
21890,28
4625,
22825,
26566,
24101,0
12793,
21363,
589,2
24805,
9839,0
21062,
602,
25830,
26824,
20656,
17346,
18191,
24889,
21905,
10744,
3761,
23619,0
22400,
21074,
24818,
26694,
24323,
2989,
21150,28
23829,0
23959,0
11734,
7052,
3120,27
22946,
26530,11
22590,2
4874,
22028,
23191,
26202,
4865,
14270,
53,
1239,27
10957,
21313,12
4279,0
16347,
15814,2
12797,
24967,
24642,
26697,
22720,
5191,
22641,
10081,
19928,30
16351,
12619,
17590,
775,
13498,
17722,0
2472,
8620,
14807,0
16301,
16607,
17430,
21642,
10159,
22913,
22301,
17535,0
10951,3
7790,
20924,
3690,12
572,
19395,
24194,
21755,
21005,
24530,
17225,
23930,
23143,
24020,0
22333,
25863,
24129,2
14569,
17488,
3870,12
25470,12
10639,
25129,12
3631,3
399,
19923,
5998,12
22791,
23690,
8259,
20732,
17089,
88,
18925,
13331,
16920,
22596,
19391,
14387,
23247,2
13725,
11601,2
26519,
7472,
26611,
15287,0
21282,
24046,
8885,
25254,16
24942,12
3413,
21997,
6200,
6644,
10707,
2866,
22878,
5873,
5626,
20041,
2510,
20753,
16796,
26168,
593,
20784,
12237,
26282,
342,
18738,
19717,
25208,30
24920,
24258,
22103,
24251,
12802,12
23539,
15964,
21340,
25127,0
17286,12
26089,27
9650,
12310,
21511,
2303,
25493,
9635,
540,
20410,0
23377,
22327,
16173,
1248,
10191,
23778,
26928,
9440,
21387,
23301,2
26991,30
12219,
23667,
24266,12
26475,
14437,
6560,
11764,2
11827,
23509,
9914,0
7468,2
21338,
27027,
20290,28
23251,0
22953,
26707,
22655,
11297,
21055,
26997,
21298,19
22589,0
19858,
22375,
21186,
21119,
19909,
5133,28
25590,
14632,
21592,
2649,
25385,
26776,
24059,0
13919,
24745,
26346,
9,
25683,
25649,
11111,
6261,
20488,
26275,
19419,
18469,
8548,
6615,
3440,
18635,
17594,
24702,
11854,
21680,
25927,0
20948,
9230,
19703,0
9659,
24887,
8040,
12998,
5064,
24504,
23602,2
22570,
20069,
13011,12
7229,
20727,
25999,
1689,
2640,
14785,
20884,
11334,
24917,11
25345,19
22152,
25611,
24992,
24537,
6748,3 30
11221,30
21689,
23942,0
20094,
20734,
15156,
17726,
24909,
12141,
26753,
4459,2
26605,
13462,20
20432,
24086,
1251,
16419,
25601,
18010,
12520,
20675,
23762,0
4074,
24620,
23203,
9996,
20907,
23177,
14826,
2365,
5584,
24473,
14575,
4393,
17199,0
3796,
23670,
23501,2
18180,
25588,
26636,
26673,
17656,
5351,
17125,
9916,0
18031,
21941,
19770,19
24959,
6965,
11629,1
1422,0
23016,
18339,
23197,30
16266,
6827,1
25774,
24462,
3065,0
22584,2
26098,
23194,
23883,3
23856,
21582,
12151,
26970,
4094,
763,
2263,
4712,
5487,
5593,
3479,
9776,
1813,0
23580,
9922,
434,0 12
4812,
13005,
24944,
6769,2
17589,12
25160,
18479,
23328,
25852,
13158,2
9128,
326,
20969,
22839,
23386,
24559,12
24678,12
5457,
23845,
23517,0
23215,
23889,
15093,
4376,
11833,
25384,
26522,11
5585,0
24616,
1418,
18953,
2285,
22200,
182,
23305,0
16959,
25930,
10392,
8957,
21892,
22256,
23354,
26343,
20633,
25988,
24834,
49,
24557,
22833,0
15806,
24536,12
23005,
6470,
22216,
26451,27
370,12
20936,3
16517,
17869,
1407,
25010,12
23732,
11742,
21585,27
437,30
7864,
20610,3
22082,
652,
23176,
21986,
22036,
25735,
13550,
21925,28
23410,
15784,3
5524,
22344,0
11043,30
15442,
21185,28
17771,2
5076,
21441,
12231,
22205,
11706,
19293,2
4546,
20643,
426,0
8324,12
24837,
24178,2
21016,
23324,
9385,12
7370,
19607,
2298,
22794,
11566,
21362,
24436,
5844,
21214,
17432,
26893,
975,
5050,
24278,
21406,
23062,0 30
22355,
8107,
6038,
21073,2
21444,
21170,12
20466,
24003,
15284,
21806,
21178,
17619,
21200,
14639,
15175,
23818,0
24246,
16883,
24760,
26855,
2489,
13910,19
18499,
20285,
24385,
2535,
493,
89,12
23019,
12258,2
22199,
26079,
17893,
14039,
4965,
24581,
2004,
3107,
16690,1
592,
26888,
24875,
22269,
20770,
17471,
1952,0
20499,
14374,
26666,
25700,
23786,
26066,
16134,
22873,
14477,
3741,
20898,
8749,
26405,
10839,
24144,
21947,
23443,
16891,
39,
6483,
16457,
20461,
16625,
21438,
23920,
12809,
21141,
26573,
13414,
25390,
25839,
5615,0
24138,
26918,
12348,
3666,
26711,
26800,
6108,
15172,
21571,
11021,12
20912,
13534,
12167,12
19760,
5284,
8719,
23277,
25904,0
22647,2
10709,
26986,
20979,
25211,
3223,2
20489,
21661,
20670,20
4838,
21429,
22610,0
2748,
26651,
25794,
284,
3386,27
10900,
24050,
22358,28
10193,
25972,
21526,0
10373,28
22172,
4238,
7298,
22377,1
21373,
5662,0
24338,
417,
22817,
22161,
22137,
20016,
23033,
20367,
14842,27
26685,
14646,12
12029,
22276,2
23296,
22385,
20418,1
9533,12
23675,
13151,
25246,
23200,
12030,
26134,
23916,
5841,
7348,
11133,
6591,
21137,
13754,3
7980,
2407,
22351,
1333,0
26945,
23793,
14783,
25582,
24999,
13811,
21868,
26751,
24787,20
9204,
23955,3
17334,
24091,
4153,20
17556,
213,
24274,
4018,
26440,
4286,
23351,
16017,
16199,0
20529,
11143,
16495,28
25710,
24635,
222,
24457,
24929,
20738,
2208,
23101,
6611,
3378,
9107,
10050,0
421,
20505,
416,
20862,28
20836,28
18940,27
10210,
3514,
23984,
20662,28
24747,2
25678,
22382,
21667,27
24898,
26492,
26978,30
25134,
22347,
20806,
21519,
26838,
20658,
22568,
401,
25881,
7428,
22408,
23012,
15277,
19509,
18981,
22247,27
2953,3
24404,
1477,
21078,
23824,
22840,
3277,
25156,0
11201,
26689,
24681,
11797,3
23235,
12164,2
21383,
26115,
20831,
23198,
23957,
9780,
569,
1066,
26572,
8459,
7575,
15638,
731,2
23063,
24708,
969,
13509,
16551,
18109,
25018,
24403,
13065,
15945,
118,
18704,
24865,3
21096,
6052,
26291,
23070,
26345,
18859,
24264,
3567,
17262,
27034,12
24052,
22634,
21692,19
15408,
2316,
533,
23782,
12477,
12586,
23170,
23634,
3769,
21594,
18666,
20490,
12293,
1249,
20576,
20631,
20842,
23358,
3675,
26242,
25912,0
25313,12
17949,
24587,
12275,
9893,
5985,
22872,
17500,30
23429,
17983,
14237,
15788,
81,
22288,
14143,
25668,
26596,
18376,
6845,0
24724,19
21035,19
5253,
1775,
24076,
15116,
24712,
14637,3
11310,
23059,
19912,3
2525,
6907,
6090,
23863,
219,0
25451,
21275,20
168,0
6220,
23451,2
20756,
14953,
20464,
24758,
20481,
16156,
2644,
11466,
9860,
255,0
22034,
19209,
25642,
26604,
910,
21006,12
250,
6720,
21172,12
26713,30
24023,
26804,
20818,2
3442,2
22809,
4630,
1126,1
568,
24732,
25131,
5450,
10822,
22630,
18037,
9231,
2923,
20774,0
24215,
22020,
11941,
22066,28
21601,
7853,2
26073,
22645,
17848,
1259,
17174,
24523,
12264,
24563,
12950,
24273,1
22180,
488,12
20136,
20600,
18266,
12844,
6833,
1522,2
22662,
3383,
26420,
25835,
17866,
4012,
26243,
22989,
7875,19
335,
5679,
22261,2
24093,
24947,
6825,
6860,
10823,12
20636,
21588,
26013,
23242,
22973,
12618,
7408,
21393,
15803,0
24707,
22245,
23084,
14845,
23146,
21297,
26294,
20546,
27030,
22592,12
3213,27
183,
9375,
18916,
22738,
25108,
26085,
24746,
1596,
20216,
6617,
25723,
25231,12
2725,
21076,
21525,19
23066,
16278,
16353,
22429,
16647,
368,
25237,27
14784,
12786,12 28
14798,
8572,
18272,
25117,
22651,
19612,
13721,
13857,
24051,
23871,2
4913,
26196,
19181,
21458,
17496,
4096,
24112,
18570,
12523,12
5017,19
11598,
11488,30
22716,
15014,20
21448,
1270,0
15082,
26980,30
5987,
9810,
24414,
3062,
2190,
2537,
11738,
22614,
25632,
22757,
22741,
13031,1
21224,
25236,
354,
3792,
3894,12
24287,
26985,
7658,
7669,
25360,
18260,
12622,
19736,
4053,
14616,
551,
22732,
12319,0
24225,
21403,
25336,
21872,0
7611,
25554,
19308,0
25736,
23842,2
21616,27
20679,
3992,
22550,
11508,
22503,
19053,
3335,
8185,
21638,
6654,12
22706,
22581,
23095,
25046,
14635,
21147,
15221,12
371,
5078,2
3022,
20571,2
25376,12
16699,
26071,
21800,
22783,
23216,0
7391,
21111,
7010,
8802,
19024,
14900,0
15153,
26939,
16618,
3321,
22619,1
1286,
7065,
345,27
14596,
9140,0
3602,
21698,28
4449,2
6895,
23373,
5904,
21687,27
21950,19
20833,
24658,
2988,
3389,
26829,2
26463,
19839,12
22653,
26315,
23585,
26742,
25558,
26322,
22143,
25672,
20311,
20735,
22917,
4463,
20040,
21964,
24223,
25424,12
1221,
8916,
21956,
22254,1
5628,
22263,0
17087,
10493,
6732,
19318,
21584,
1425,
25110,
10883,
26803,
16179,
23352,
19735,
25741,
25133,
22132,28
12073,0
10790,
26077,
13781,
2860,
8907,
23710,
610,3
12906,
1208,
25164,
20618,
13199,
2142,
9189,
6763,
9568,
17885,
8914,
26002,27
22899,
18645,
7110,
420,
24797,0 12 30
9392,
7851,
22671,2
22368,
21135,
394,2
12042,3
22573,
26004,
21789,
23308,
20706,
8671,
9888,
22452,
12810,2
25837,
24585,
14500,
4509,
9624,
20593,0
22803,
14001,
7890,
2882,
13613,
6305,
4664,
26279,
21166,
25849,
12070,
21312,
1193,3
22135,
940,
23430,2
24910,
21590,
18517,
25183,
26159,
25998,
22337,
25646,
25151,
24767,
7883,3
3822,0
24936,0
20416,
26326,
9418,1
22991,
3945,
22582,
25886,2
11419,2
768,
24244,
19988,
25300,
6689,
20361,
21284,
22553,
21930,
24687,
10265,
20981,
439,
8576,
23832,
26607,
26953,
16350,
20747,
6172,
9236,19
1268,0
6826,12
18648,12
24839,12
23042,
1297,
25977,
20306,
4834,
23510,2
24663,
8315,
17844,2
20730,
26488,
15785,
16037,
13789,
19807,12
12564,
8433,
15212,
25991,27
19128,
6821,
15852,
25562,1
20525,
6058,
22390,
1836,
13489,
24897,
22456,3
22465,
21372,
9766,
24048,
24808,
23993,
738,
20052,
22207,
24836,
2410,
16340,
26102,15
26360,
22096,
22324,
594,
17079,
21054,
7719,12
4292,
26030,
6262,
22936,
15069,3 12
21759,
19241,
2346,
20702,
3902,12
25203,
18478,
22138,
22890,
22852,
22336,
15106,
24970,
1224,0
12427,2
21223,
23463,
20755,0
26443,
26410,
22725,1
15853,
616,
22887,
25693,
20838,
4359,2
17134,
21049,2
22543,
1362,
8607,
17774,
14892,
24926,20
1919,
24177,
18605,
396,
22659,
13690,
21631,
15091,
24413,
13451,
282,
5288,
14949,
22443,
9381,3
2805,
15866,
18928,
25951,
20342,
25170,
25756,
20202,2
20427,
7653,
10106,19
25320,
25602,27
25768,
24955,19
20399,
21253,
26857,
24639,
1548,
22891,
24575,28
24137,
19604,28
26844,
8165,
25715,
22025,
17503,30
25516,
26881,
12542,
22897,
20400,
4774,2
3445,
7035,
7242,0
23788,
17037,
19233,12
25506,
26105,
8827,
20985,
5814,
20484,
7562,30
22774,
19576,
17956,
744,1
24073,
47,
24405,
25373,
24600,
22522,
3467,
19685,
12307,
21933,
11166,
5842,
24531,
25391,
196,
7223,
22533,
21946,
22048,
13457,
12161,
23636,
11778,
18125,
20222,
22664,2
24094,
1951,
24981,
10400,
23457,
22867,27
22826,
22000,
12221,0
46,
13367,
12473,
3249,
23876,1
13132,3
18736,
24666,
26494,
10767,12
173,
20483,
21165,
15794,
28,
21307,28
5565,0
21953,
25679,
410,
23302,2
6396,30
24803,
13180,
4102,
15900,
21125,
11243,
20889,
16085,
4850,
21492,
4121,
25272,
12440,
23421,
22047,
13401,
1891,
129,12
13567,
21332,
22519,
22192,
11144,
22551,
7133,
6025,
5740,
12748,
16865,28
13615,
4648,
23046,
26366,
20455,
17071,12
17784,
24393,
1905,
1736,
23397,
26570,
13838,
26850,30
24798,2
22266,
8440,
2553,
24718,
22703,3
22772,
5441,
17132,
21763,27
26819,
331,
19708,
22967,
26150,
11766,
26457,
21580,
157,
19898,
25008,
22458,28
22334,2
4262,
18146,
5931,
8149,
27038,19
20262,
25295,12
6909,
22488,
16435,
19298,
14036,
23792,
22099,
26865,
6862,0
14797,
1043,0
22740,1
19674,
11109,0
13538,19
24100,
15834,
24294,
3252,
26470,
20809,
24651,
423,
21671,
25146,
21796,
23926,30
22229,
24603,
4852,
25722,27
14149,
9661,
1464,
14366,
23133,3
20027,
18313,
23757,
26382,
22542,
6419,
11543,
23381,2
1472,
26920,
12980,
6115,
22600,
15841,
95,
21749,
22920,30
16254,
24750,
18506,
6549,
21481,
25713,
24686,
777,
17667,2
15576,27
20849,
23267,19
23110,
26936,
12884,
5211,
4294,
2721,19
14823,2
20929,
7625,30
241,28
7841,12
307,
16164,
280,12
4004,27
26236,
11055,2
14379,
25950,
21482,
17578,30
23927,
22560,3
15351,
26951,
18039,
1614,
25638,
13017,
24903,
26755,
9815,
22875,
12479,
21428,
25409,
26827,
5021,
10640,
4986,
1118,
16687,
7806,
26797,
19421,2
19126,
26368,
7722,
23614,
22313,
2955,
23249,
16498,0
9639,
26327,
25111,30
21058,
20745,
22992,
21329,
7046,20
23847,0
25949,
25767,
322,20
23859,
11559,0
18251,12
24024,
1153,
21357,
21640,
10416,
9512,
13827,
26757,
24314,
2871,0
13200,
18952,
24259,
26798,
10573,
21112,
19184,
15971,
20975,
1181,
23669,
18796,
26471,
14396,2
25978,
26165,
12364,
15482,
23183,
16820,
17423,
4689,1
22687,3
22144,
163,
22531,
17235,
12901,19
8136,
3012,
15242,
5712,
22097,
14650,
4271,
13015,
8829,
6339,
23765,0
24409,0
21269,0
25268,
12143,
19441,
26656,
24719,
4146,
257,
74,2
6514,30
292,28
13582,12
24617,12
9483,
11567,
6722,
26036,
26263,
12562,1 2
25936,
26174,
23915,35
16016,0
22983,2
22472,12
20712,
13083,3
17910,
26758,
4054,
15161,
16600,
686,
6632,19
3568,0
15812,
17315,
21696,
19228,
26650,19
2979,
25766,
15644,
3239,0
11306,
13633,19
685,12
5857,
18548,
23922,
20220,
20557,
4261,0
5519,
25154,
12378,
1122,
24611,
21069,
7882,
14997,
10302,
25322,
13814,0
26267,
4824,
1600,
25071,
5440,
27013,
19431,
4686,
12153,30
26076,
20821,
11622,
21273,
21350,
7105,
18595,
18687,
7453,
2532,
25497,12
4,
26581,
21703,27
187,
23892,
23823,
22037,
26903,
18569,
15246,
5240,0 28
1945,
1500,12
9048,
13252,
25262,
5153,
10856,
24859,
25309,
21092,
5008,
3283,
21826,
13209,
18836,
24692,12
17768,
14851,
16701,
23155,3
12194,
21140,
25786,
11281,
25096,
17758,
26910,
19428,
18556,
10229,
24320,
3387,3
12546,0
23229,2
19876,27
26273,
4562,
16352,
16846,2
21720,
17936,
9744,2
8146,
135,
24662,
9139,
16145,
6131,
24823,
22534,
20240,0
5566,
12489,
4403,
25519,
13382,
24299,
24883,
541,12
2540,2
26579,
15400,0
20501,
3183,
11386,0
24703,
13326,
26067,27
24167,
21277,
10617,27
26889,
12805,
16496,
12584,
23687,
24308,
26593,
15795,0
320,27
25687,
25563,
14278,
26482,27
19056,
22869,
21898,
26106,
14420,2
19537,
6268,
12814,
11219,
16560,
16426,
1089,
11589,
13148,
3244,
10137,12
18623,
20086,27
22454,
5999,
21198,
17127,30
20973,
1220,
14864,
22767,
24964,
20819,
21792,
26173,
23186,
22055,
6343,
21034,
5500,
23126,2
24334,2
9074,
18773,
2123,
21322,
14335,
23029,
14633,
9651,
25570,
5793,
15281,
1146,
12637,
15622,0
25386,
21529,
9983,
24030,
4250,
24346,
17675,
22272,
14267,
23553,
6130,
356,28
19474,
973,
6376,19
20919,
23899,
7913,
14148,
25311,
10186,
21460,
15699,0
27000,
20504,
7674,
19569,
25537,20
23682,0
2014,
8503,
26512,
5954,27
26623,
353,0
84,
2625,
26750,
16510,
26752,
120,
1378,
19140,
21211,
23550,
15449,
24781,
316,
5391,19
22909,0
19104,
17341,
25948,
25571,30
7997,
20542,
23415,
21527,19
16257,12
24908,
13117,
20718,
18486,
23631,
21327,12
22153,
18552,
26714,
13883,
26902,
10395,2
25858,
21391,
22948,
24932,1
8951,
26233,
24182,3
9243,
10816,
21660,
15137,
26700,
6512,
16597,
3759,
15109,2
644,
26038,
26033,
22413,
17777,30
25809,2
26046,
22895,
25138,
26276,
25579,
23515,
24212,
57,
7111,
6149,
22556,3
21102,
607,
14369,12
23641,2
61,
4243,
16580,
1847,
14901,
22080,
22140,
5330,
10451,
24497,12
7884,
17491,
26900,
9969,2
21924,
5214,
24542,
23446,
22019,28
24260,2
26912,
17273,15
18400,
20882,
21815,
18730,
21538,
17390,
7576,
4760,
12948,
8491,
4024,
8562,
20537,
25417,
24991,19
14613,
8289,
17275,2
12299,
20887,2
4513,
23700,
26999,0
13212,
4580,
550,
25155,
24483,
21847,
19463,20
21020,
1971,
26231,
22905,
22668,
24598,
21854,20
19932,
6693,2
25581,
26973,
25053,
11740,
24445,
20517,
26825,
15492,
20796,0
21300,
16318,
22426,
54,28
17916,
23958,
26746,
6412,
25622,
21899,0
25813,27
25475,12
1414,
23362,
26731,
26947,
30,
25920,
21337,
22280,
2814,
153,
26941,
14211,
3109,
10778,
14314,
25195,
22058,
21741,
24253,
22307,0
6974,
6435,
26311,
24305,
24069,
1914,
11837,12 28
20384,12
25806,
25422,
20541,
22956,
23406,16
17838,1
14638,12
6279,
26472,27
21955,
21132,
20599,0
15377,
24358,
18914,2
25952,
9608,
18316,
25079,
14593,3
21292,
22024,
8514,
1835,
25697,
22713,19
21831,
1180,
25296,
10406,
690,
17669,27
23977,1
79,
24327,
20759,1
8357,
6804,
12842,
600,
23897,1
25312,12
23246,0
16075,8
2432,
12790,
3905,
10880,
25525,
6768,
21199,
25049,12
504,
26386,
16008,
11507,
21045,12
23115,
23237,
23045,
15304,
23541,
19230,
10408,
2850,
26145,
23593,2
22649,
1405,
20360,
424,
18294,
26968,
21103,
24892,
289,
12225,27
25173,
22056,
26648,
3018,
25014,12
707,
25518,12
24434,
21421,
22257,
9427,
20693,
23772,
24236,
20550,
4475,0
17632,
19635,12
35,
27016,
26992,12
27002,
25974,
24688,
26787,
1670,30
17833,
18389,
23274,
25276,12
26565,
10743,
19238,27
24174,
23599,0
22189,
17201,
22699,19
16777,
8784,12
19292,
2137,
20933,
21662,
15030,
24980,
23717,3
7226,
26710,
15535,
9770,
11915,
21999,
673,2
11520,
22277,
34,
26111,
11840,
20462,
20724,2
21643,28
24759,12
23240,
16707,
21737,
17769,
16185,
17608,
25397,
27039,
21473,
17355,
23724,0
13318,
4138,
12902,
20396,
21352,
11160,
10740,
9382,12
23805,
20878,
8299,
22217,
17695,0
25617,
25148,
24176,1
12337,
17953,
2768,19
10779,
5219,0 30
20808,
25986,
21918,
5665,
18488,
26583,
23434,
23058,
25614,27
22626,
19911,
18638,16
13853,0
25705,
16898,
17335,
415,
19919,
24752,
14392,
20886,
13764,
352,
13292,
17102,2
20949,
1119,
13609,0
23034,
20560,
1837,12
9221,
662,20
25094,
21688,
21840,
21613,
14294,
10857,
1213,
15373,
21032,
2331,
16175,
20477,2
20697,
15845,
18542,
7976,27
23693,0
12274,
25538,
23816,
22484,1
23719,2
9900,
25446,12
6386,
13809,
6281,
22860,
11418,
17254,
13714,30
14525,
19804,
17314,
24055,0
17120,
14624,
5411,
23071,1
15693,
2867,
25942,
14252,
8028,2
5791,
812,19
18600,12
17511,
17,
7783,
23050,0 30
8048,
25248,
22964,
23608,
16904,
24106,
19775,
21217,
25406,12
26374,
26759,
3691,
1941,
25656,
1335,
26063,
20925,
10180,
1012,
10130,
19418,
22820,
21501,
20467,2
10380,19
3494,
8101,
22107,
25990,
10975,
25717,
26526,
11626,1
22866,
23827,1
6629,
9870,
1786,
26514,
548,
13175,
26993,30
2881,
23776,
735,
11521,
7352,8
23951,0
21081,
23065,0
26834,0
25867,12
21533,
4332,
23558,
15022,
13622,
22294,
6828,
24736,28
15174,20
10958,
14089,
5601,
23970,8
14994,
11254,1
9246,
23742,
23980,
23828,
4123,0
7372,
24036,2
2622,
12663,
18918,
3380,
404,
25695,
25283,
9681,
22978,
26072,12
15332,
25512,
20034,
15883,
17336,12
2212,
26045,
11181,
25086,
15164,
17782,
11039,
24449,
26849,
9740,
26051,27
16342,
24424,
15029,30
25594,
23865,
15275,
22861,
14385,12
16280,
15744,
6084,
20258,
23702,
17809,
3500,
21470,
21700,
82,2
17931,
143,
12565,
6606,
23576,
1872,
14627,
26777,
20413,0
24699,
20777,
24353,3
585,
23872,1
3790,12
26500,
26126,
21465,12
23387,
20102,
19220,2
23741,
24622,12
15781,
25212,
26218,
13799,
25608,
21866,
25805,
6970,12
2888,0
26288,
24499,12
18063,
7900,0
26723,
24529,
22435,
26592,
25438,12
18806,
23900,2
22968,
6692,27
17387,
19940,
21958,
19540,
22376,
23744,
2642,
19871,
12279,
7341,12
22530,
295,12
22945,
12700,
3225,3
25857,
908,
20764,
22221,
11400,
26644,
15584,2
2369,
5971,
21539,
13562,
25153,
18431,
21637,
8418,
7503,
26613,
25030,
21237,
15892,
10347,27
26080,
1182,
16935,11
107,
21598,28
21442,28
17310,28
25762,
23570,2
26152,
19435,
11361,
26743,
21543,
466,0
7322,0
24496,
14528,
26767,3
425,2
3084,
6359,
4520,0
25048,
25353,
18176,
15653,
419,
23803,
1820,
26569,28
24697,
24470,
5694,
25429,
21635,
7528,
317,0
7354,
6175,
22466,
22214,
20728,
20858,
21945,
21817,19
24088,
19581,2
7662,
8686,
24983,
24520,2
6474,
26701,
9632,12
3418,
8932,
21318,
25773,
22857,
8680,28
26619,
16605,
24744,
23775,3
24335,0
18567,2
25432,12
11292,
26024,
26586,
22105,
24558,
21233,
18259,
24541,0
13997,
26006,
454,
405,
17773,
15389,
19661,2
19353,
13728,
1866,
25535,
21794,28
256,
7200,
591,2
24433,
566,
18562,
15128,
22714,1
21113,
18729,
24524,
13749,
18965,
24764,
4905,
17977,
25342,
3270,
23036,
13164,
20853,
16386,
8716,2
22601,
11899,
9528,
7271,0
13953,2
23450,
23605,0
20825,
7959,
22342,
22176,
25468,
209,
10252,
26537,
25413,12
11434,
18156,
8421,
15755,
23432,2
189,0
24846,
5264,
18550,
21977,20
23680,
12158,
10710,
26028,
25541,12
23898,
2352,
23292,
584,
3262,
12213,
25410,12
24906,
13666,
16532,
86,
3396,0
9828,
19849,2
21530,
23929,
23933,
23506,
25326,12
24730,
21152,
4191,
25210,
4387,2
25178,
24466,
26801,0
3405,12
20899,
23027,
12482,
12068,
233,
25333,
22208,
25494,
24389,
4067,
11309,2
13543,
23306,0 2
26884,
25808,
470,0
21095,
21550,2
41,
18305,
15142,
25776,
24367,
20324,
1663,
26253,27
25026,
19725,
24565,12 28
6711,1
6944,
20866,28
10189,
25844,28
8801,
17892,
387,
11980,
7777,0
22903,
12114,
19491,
20736,30
25895,0
22112,
15441,
515,
25926,
23314,
26136,27
26802,
21218,
9516,
24741,
8735,
22591,19
21400,
20553,2
25315,
20623,
4365,19
1363,
11367,
9345,
25643,
17299,
23111,
2806,
26262,
24124,
24465,
22683,20
26239,
14302,
21123,
21296,
22174,
7346,12
17751,
467,
11526,
4445,
1846,
2616,
12640,
17611,
21558,
5332,
22837,
9764,
641,
23830,0
22321,
26896,30
15268,
5550,2
22552,
232,
23341,
8722,
22494,
20289,19
19005,
23391,
13756,
16857,
1745,
21234,
9793,
23825,2
21510,0
8226,28
23508,
3599,
24131,3
25087,
218,
2283,
8277,2
27031,28
25388,
7610,
22106,
12968,30
22932,
16513,
18776,
21348,
24250,
10976,
8266,0
160,
26180,
3725,
20581,
26856,
13898,
23615,0
22735,
19470,
2993,
5888,
5024,
4310,
25783,
14847,12
8500,
20583,
21618,
4635,
4882,
24829,
21943,
21136,
199,
17389,
21355,
10281,1
23546,
18900,
18085,
21419,0
22643,
25778,
23099,0
13682,
5995,
21604,
22425,0
21310,19
13038,
22877,
25457,12
2084,
8158,2
26473,
5464,20
22734,1
986,
24679,
336,
27025,
25455,12
25251,
22090,
1461,
13263,
21599,
24156,
12660,30
23887,27
23340,
24790,
5590,
13860,2
21422,
15829,
697,
21346,
9623,
2647,
672,
3253,
4327,11
23164,
22636,
8370,
8388,
23470,
25056,
14007,
21975,
23802,
26872,
2855,
22603,
23935,
25009,
25817,27
23315,
5378,3
20564,
14707,
877,
16595,
309,
26981,
2634,0 28
3,
26428,
23172,
24027,
20824,
528,
10598,
733,
13319,
21776,
21001,
8410,12
377,
24756,
22366,
16549,
22040,
19169,2
25192,
4780,
14661,
25618,
12675,
25583,
24550,
4584,
2942,
13255,
26547,
21497,
21052,
1358,
2567,
3126,
7166,28
24210,
23812,
23389,0 2
20867,28
21801,
14611,
22694,
5227,
13198,
8699,
25085,2
8227,
23100,
24197,2
21556,
24538,
21380,11
2332,2
20765,
23445,0
23136,0
18793,12
24953,
15780,
8229,
22310,
21249,12
25263,
22249,
3644,30
26873,
24561,12
12374,11
25266,
274,
19234,
15548,
21106,
26669,
22984,
9557,
10595,
11753,0
378,
1975,
24188,19
5379,
7700,0
22952,
21963,28
23604,0
20405,
16612,
1491,
26094,
7150,
22935,
26121,
22577,
18838,2
70,
24083,
11674,
11914,
11659,
13537,2
24877,
10307,
606,
18531,
12144,2
8976,2
11009,
24738,
700,
2491,
413,
10378,
8542,
2353,
20624,
1299,
17919,
7807,
26763,
8619,
1834,19
22676,
12652,
23995,
10026,
6713,2
6221,
24919,12
834,0
12905,
23781,
24031,
17654,0
16215,2
12644,
678,
25577,
25575,
23751,0
21212,
22681,12
23469,
17601,
4975,
20554,
25015,
26840,
23022,
3474,28
9168,
2786,
24646,12
26020,
6366,2
12774,
25833,
23545,
6721,
7499,
22623,
8525,
25625,
18178,12 27
20456,
20797,
21909,
8099,27
12177,
26785,
3860,0
21961,
25039,12
719,
21426,
20097,
25204,12
25104,
11823,
3645,
24104,
16881,2
24026,
20881,
21989,
1898,
19888,0
17618,
11953,
14177,
18030,
25458,12
24387,
21583,
20773,
23163,
9021,2
14014,
25619,
22715,
15692,12 28
14897,
24924,
8530,
26487,
23456,
24041,0
481,
10596,
26540,
22517,
25074,
21838,
21309,28
1069,
25348,
23647,
715,
25726,
26378,
21197,
12985,
21509,
19554,
24734,
15339,
483,
6675,30
15445,
22563,
13437,2
680,3
20904,0
8159,
18845,
176,
16482,
24668,
24494,
3357,
8055,0
2817,
25168,12
14738,
19442,
26241,
21939,
7602,2
9827,
14082,3
609,
26724,
3049,
24306,2
21549,
6363,
9430,
22572,2
18076,
204,
16598,2
12962,28
22240,2
22491,
17426,
6097,
21575,12
17424,
1947,
21859,
24762,
27006,
4820,
1232,
9853,
22069,
25078,12
25565,
26318,
314,19
12989,
8662,
20117,0
21226,12
26987,
16641,
22126,
15205,
7695,12
17454,
26863,
9388,
24828,
23472,
21860,
12009,
24371,
20719,
15432,
21395,
10556,3
25707,
24292,
21379,
25595,
1426,
14339,
26933,
21089,19
391,
24392,30
13243,
15409,
26010,
22689,3
7149,
26123,
16246,
23121,
7817,
18633,
418,2
24968,12
15660,
10884,
18086,
19326,
7920,0
787,
26331,27
8355,
11080,2
13142,2
1998,
18753,
22271,
26456,27
2246,
18805,
22996,30
21339,
11763,
22815,
24451,
2812,
25610,27
15894,
24045,3
26899,
16045,
22657,
23069,
105,
4540,
10472,30
26984,
14324,
4748,
18879,
24606,
25181,12
25042,
14496,
22831,3
10043,
26793,
5261,
17031,2
4465,0
9386,
689,0
2623,
20142,0
2776,
7201,
2241,
24706,
9978,0
22428,
25510,
2750,
5501,
27012,
22187,
3654,
26255,
25734,
9506,
26402,27
18749,2
24193,
1116,
21133,
6865,28
17011,
5403,
26237,
19317,
6141,
21452,
22021,
1174,
10865,
22222,
15086,
15573,
26965,30
492,19
19920,
20671,
11175,
12232,
1070,
20807,
25073,
26629,
16403,12
2267,3
19695,
12273,
51,
24717,
23419,30
22380,2
25257,
23867,
8747,1 2
24714,12
25379,
26546,
24795,
3516,
11534,
7600,
212,
18551,
21167,12
15908,
23130,
16840,0
10183,1
21614,
293,
12100,
59,12
6254,
7537,
23024,
11189,
506,
24171,
4515,
21846,
21251,
25362,
21193,
10377,3
8535,
7447,
26240,
23560,
20445,1
24453,
10053,
1990,
24939,
14741,2
14891,2
6103,
24172,3
677,
2005,27
12397,
24786,
6982,
22555,0
23837,
19309,
17316,0 2
21960,
5312,30
25234,19
11576,0
21468,
22071,28
26184,
1343,
3928,0
21368,2
25387,
9393,
21002,
7240,30
23937,
25445,
349,
13313,
18846,2
23080,
10256,
16359,12
23230,
18002,20
73,
12900,2
7732,
25194,8
16709,
23002,0
24127,
12937,
24971,
3353,
14623,2
14684,
9560,
14985,
6599,
26954,
23276,2
20295,
4610,
1040,
22147,2
11958,
7330,
19215,
22999,30
15544,
17137,
14728,2
25242,
6524,
25434,
3038,12
26662,
13480,
21861,
22444,
25731,
21919,
12709,
26478,
9338,
10340,
6230,
23153,2
7433,
26972,2
10931,
25166,
15451,
11789,
19457,1 30
11805,
11524,
18656,
9734,2
24608,
26222,
22306,
25585,
24938,2
12054,
18540,
6864,12
26676,
24653,
18454,
12186,1
6083,
6186,
16418,
1375,
23090,
1882,
26208,
16535,
26058,
21962,
3317,
614,
11655,2
23578,
2089,
23921,
23485,3
12157,
10833,30
5691,
25921,
8252,
22441,
1741,
22434,
7195,
10644,
21023,
7710,
12509,
23060,0 3
6581,
4846,
7847,
13116,
8129,
22940,
15538,20
9405,
2100,
25050,
13393,
5483,
16349,
20458,0 2
23743,0
22802,
2386,
5758,
6040,
12672,
19782,
9603,
2696,
15306,
17139,
16545,
5093,
21263,
23924,0
26337,
25711,
22727,0
23161,30
21407,
26496,
25943,2
26296,
3700,2
7539,
15364,
24419,
24525,
23651,
15637,
25378,
20585,2
13052,
23885,
18187,
26633,
25748,
26810,
4127,
11613,
24418,
10361,
25356,
25753,
26390,27
19522,
1100,
17353,
14742,
22906,
18252,
15185,
22954,
21668,12
23795,0
24103,
24220,
26397,
13381,
12871,
24960,
23912,
14542,
21621,
24680,
22547,
1964,
24189,
20632,
22398,1
21620,
2701,
14048,12
20710,
7891,
25314,
22496,
25533,
21528,
23222,2
10802,0
14540,
19067,12 28
24110,2
412,
7256,3
22845,
22763,
15454,
24136,
18154,
26869,
24166,
18724,
7637,2
10070,
400,0
23375,0
19860,
20629,
200,19
27019,
5072,0
20782,3
24659,
154,
463,
21279,12
26392,
26422,
23703,2
2523,19
19012,0
22512,0
19136,
25419,
19622,28
6342,
9082,
25780,
5359,
26567,
4556,
24388,
26911,
19324,
23217,
16839,
24928,12
12610,
18408,
6561,
26698,
2952,
8978,
4742,
10788,
17375,
19130,
21409,
14495,
5190,
20492,2
9763,
1774,
11603,2
6266,
21994,
702,
21118,
16181,
15799,
10194,2
97,27
14554,
5823,
22847,
24715,
8597,
20794,
23642,2
20408,
16389,0
23722,0
25966,
9523,
26234,
13385,19
5932,0
26536,
24661,
422,
24935,0
4778,
8925,0
24429,
18988,
2685,
8160,
24185,0
21915,
26734,0
21532,19
9159,
7560,0
26647,
24229,
23712,
2572,0
1779,
22045,
26355,
24777,
25626,
628,
2380,27
26261,
26481,
12687,
22203,
2852,
25013,
18091,
24802,
21493,
25054,
10593,0
22233,
21825,
24484,
24569,
16849,
15581,
23174,
22166,
22526,
3873,1
24733,12 28
19384,
2239,19
6157,
20475,
23444,0
27011,
75,
22963,3
18967,
25125,0
20243,0
2901,
17166,3
6012,
23223,
26568,
5388,
24840,0
23119,
21367,
9610,
21878,
24479,
4845,
8982,
5737,
24685,
20225,
167,
6758,
3390,
522,
23435,
22778,2
334,
3561,3
16485,12 28
9266,
22265,3
26729,
21971,28
13664,
22587,0
22971,
23227,
7740,2
26249,
26223,15
26265,
3170,
17363,
21286,
10270,
25868,
583,
1924,
22493,1
19584,
22702,0
25630,27
23405,0
24092,
15129,
433,
653,
26418,
26957,
18141,
10568,2
21757,
26356,
2381,30
17109,
21931,
330,
21710,
2373,0
2256,
9229,20
18901,
18461,
9712,
19738,
16736,
21593,
6709,
9584,
5243,
24066,1
22858,0
5893,27
5239,
17797,
22052,28
21769,
25189,
4322,
21210,
7631,
21024,
24121,1
26425,27
23616,
8458,
25522,
237,
6371,
7076,
3391,1
24355,
26284,27
5848,
13535,20
9118,19
2648,0
12765,
21110,
26389,
17296,
26744,
22776,
23618,0
611,
21028,28
24128,
11223,12
26658,
22283,2
21650,
11453,0
9146,
19851,28
26185,
21683,28
26783,
18850,
23628,
2823,
23097,
19468,12
9016,
19406,
20733,
18614,
16758,
2793,30
26961,
19527,
21134,
21540,
21342,
14582,
25034,
20815,
675,
4888,2
7190,
13391,
7501,
24958,
20079,
19893,
20463,1
23468,
18535,19
3179,12
4526,
24376,
17927,
19013,
13691,
8868,
15391,
15357,
25566,
23437,
23779,
17434,
1114,
24847,
8650,
10299,
20958,
2322,
26529,
576,
24443,0
22980,
21690,
16147,
19867,
22422,
24895,
11597,
6878,12
9009,0
23729,
23606,2
23987,
5765,
23695,
20931,0
15946,
10751,0
20565,
21323,
11745,
6605,
20786,
20869,12
10127,
16996,
6389,
11592,
25712,
26555,
17712,
18131,
20358,
20524,
23037,
3735,
16906,
20723,30
4413,
2007,
2115,
23736,0
25224,
5209,
24771,
2729,
8427,
23474,2
25193,
11937,
21819,
15326,30
15467,
25161,
24012,2
20874,
23370,
25507,12
8178,
10057,12
22793,
23355,
8970,
20433,2
23972,
4065,
2254,
5599,
647,
21285,
20634,
13713,
582,12 28
25480,
8282,
7938,
25504,
19970,
21664,
21750,
15337,
6892,
19682,
19817,
21191,
22760,
26541,
16283,
304,
18495,
23851,
14307,
6673,
11825,
25970,
11328,
20028,
411,
26357,
10651,
8869,
23272,
22862,
21462,
10882,
6433,
8889,
21949,
2693,
2512,
24488,
4174,
4499,12
11927,19
14772,
16007,
1017,
7238,
10345,
4511,
17572,
9075,
19232,3 30
21708,
964,
13345,
23815,
21451,
20397,
17431,
7104,
19910,3
4043,
25660,27
21431,
10364,
10320,
25496,
21676,
844,
23225,
5862,12
25299,
20657,
10182,1
24729,0
20685,28
25081,
1524,
5161,
17724,
22124,
25669,
11410,
23138,
23595,2
20696,
5448,
22707,3
26930,
23054,
5770,
22077,
25472,
22136,
3629,
22270,
10226,2
19455,2
22579,
9434,28
19626,
23590,
24248,2
21139,
10681,
18172,0
16500,27
24691,20
8258,
26437,27
710,
24332,
24487,
25915,
21922,
25240,
22393,
9798,
24751,0 12
25692,
25481,12
205,
14998,
24090,3
23072,
7934,
13598,
22609,
19265,
8755,
9052,
6286,2
21461,
22369,
23715,
25968,
24275,
22363,
24791,0
3364,0
10208,12 28
23414,2
26054,
9791,
18155,
25145,
17681,
14230,
19448,
26061,
11336,
10964,
21183,
26101,
23639,
24351,1 2
22916,
24350,
21189,
25875,
21858,
22513,
21427,
25229,
1370,2
26683,
25918,
24122,2
5446,
25874,
20096,2
26335,
14343,
21330,
3989,
20348,0
10627,
25810,
10329,
17222,0
4524,
4124,
516,
23974,
25144,
26119,
2673,
11270,
12722,
23538,
9711,
24133,
24514,0
21856,
18875,
6042,
21098,
20992,
21921,
14970,
20957,
15952,
25674,
11816,2
13346,
617,28
26084,
20982,0
10032,
24340,
22884,
22251,0
19257,
4833,
22617,
24011,
13951,
18402,
7273,
23051,
9956,
16497,
25149,
12603,
16566,
25795,
7870,
9401,
8065,
6515,
803,19
17428,3
7281,
16420,
15115,2
23584,1
17124,0
22654,
7177,
484,
11327,
5755,
20683,
10614,2
21059,28
169,
25275,
1080,3
12882,
15595,
6702,
26983,
22969,
20991,
24267,
8044,
21201,12
23488,
23807,
22332,
26380,
6285,
21709,
20789,
24373,
25681,27
2886,
19475,
2620,
22495,
13790,2
23797,
23975,
8097,
22078,
20535,2
14352,
17092,
11974,2
7015,
25119,
24291,
21374,2
22412,
22500,0
24430,
20641,
16410,
9178,1
23998,
6365,0
26674,12
12314,8
21639,
17354,12
25292,
24417,
15703,
20502,3
23213,30
2487,19
21993,
2658,
23165,2
26878,
14762,
681,
10360,
23127,
7887,
21928,
4489,
26774,
1432,
22701,
25097,
11686,
27037,
23737,
21739,
25159,12
21155,
25158,
8080,
1576,
25931,19
14261,
22487,
8463,2
26369,
20135,2
17417,
24621,12
25383,
10929,
15006,
17319,
22480,
23557,
9101,
12749,
1013,
26149,
20917,
9315,
26415,
2,
23537,
18707,
23730,
24975,
14043,
23392,
9138,
7811,2
4112,
24985,
12484,2
21121,12
10597,
4859,30
25900,
24595,
22258,
16248,
25185,
32,
11978,
16276,
13901,
23481,
3788,
22013,
3830,
25855,
23709,
12539,30
24858,
3624,
20530,0
22628,
26257,
17333,
24532,
17091,
3240,
26861,30
4560,
20955,
20151,
305,12
11369,
26874,2
8365,
26099,27
24183,
10584,
4966,
24378,
5451,19
20684,
3966,
23105,
22328,
18811,
7466,
9644,
24831,
25696,
301,20
23801,
25191,
24079,
13361,27
23092,
15530,
24588,
21807,
19139,
5616,
22718,0 12
601,
21467,12
21321,
10959,
10309,
25428,
5778,
21474,
24826,
9552,
5685,
21449,
9799,2
23064,
9566,
20293,0
2631,
20586,0
25329,
23770,3
23480,
24872,
4541,
26990,
26429,
23981,
25530,12
13513,19
21304,
23015,
3604,12
4952,
7855,
21651,
23789,
21965,
5339,
22743,
1655,
23592,
23467,0 3
21088,3 30
14857,
14394,
25524,
22101,20
24655,
17824,
357,
24152,0
7825,
15184,
2237,12
25754,
21725,
26952,
19826,
22546,12
21291,12 28
22814,
3137,
24627,12 28
6669,
25102,
26612,0
6027,20
8343,12 28
21809,
4565,
20080,
11429,
1413,
893,0
23956,
23489,
198,
21656,12
13991,
22485,2
11085,
2162,3
25547,
26876,
13899,
22898,
11883,
6809,
4868,
8479,
23761,2
12367,
1867,
21523,
23556,2
8960,
26238,
6030,
8705,
564,
5815,
7478,
15528,
25421,12
9475,0
20491,35
328,
7520,
1638,
16148,
3217,
24533,
19593,
24669,
24366,
10114,
26373,
19799,
23527,
25259,12
22479,
12516,
20073,28
23007,
18329,
12854,
693,12
11253,
7792,0
6813,
17901,12
5713,
866,27
18549,
18196,27
25560,
21735,
2873,
20518,
25733,
23231,
24916,
23516,
20763,
15983,
25230,
315,
24085,2
9423,
9343,
24547,
1534,
17487,
26794,
22001,12
9195,12
20579,0
15416,
18463,0
22155,
663,
26552,
17940,
24850,
5356,3
14405,
6966,27
25667,
10853,12
21761,
24978,12
15291,
13290,
8954,
21495,19
298,12
6020,
11147,
26696,
445,12
25814,
22183,
8243,0 1
21988,
1183,
26574,19
26043,
14514,
24343,
12512,
7068,
17666,2
24450,
24626,
7490,0
26914,
20799,
17261,12
364,
26645,
4940,
17863,
11448,1
19372,
15851,
7017,
407,
13303,
24800,3
17730,
25820,19
23023,
1511,
26654,
15951,12
26200,11
23417,
22438,
20664,
26867,0
9323,0
7045,
7461,12
19392,
18574,
24342,
12398,
7019,
21240,
25327,
21978,
19219,
5871,
25822,
26316,
23212,
16855,
25491,
22779,
25220,
21518,
26480,
23322,
25924,
23394,
20830,
172,
19697,
8985,
9963,
19152,
24153,
23166,
4234,
17778,
23784,1
1822,
5973,
24943,
5344,
24018,
23512,
12623,
22094,
15876,
6753,
17295,0 30
22792,
6848,
17234,
26976,
11693,3 30
25227,
1744,
8805,
26283,
22244,
24169,0
14768,
17499,1
21863,
21885,
22067,28
1693,
5720,
565,
25414,12
21404,
24974,
9818,
26464,
17736,
24851,
5682,
6741,
5394,
21940,
26935,
12101,12
9955,
26495,
19040,
2029,2
13621,2
7923,28
21625,
24757,
7561,
742,
3027,
23116,
15782,30
18208,
12383,
24817,
4976,
7712,
23735,1
21816,
21867,
26887,
7830,
20071,
24513,
26507,
6624,
20954,
21397,
26809,
1518,
26,
11529,
6521,
5878,
4196,0
10799,0
3922,
17897,20
18451,
15746,
7868,
21548,
18324,
13061,
7120,
2049,
8486,
26664,
2714,
13982,
25067,
4217,2
9855,
6014,
24047,
18543,
4815,
20347,
7250,
21944,
24269,
3615,
25122,
1561,
25216,
14116,
4440,
9173,
14152,
14102,
12222,
4255,
22044,
6322,
786,
26003,
24081,
13452,
23378,
6139,
22854,
14975,
311,
17948,
26851,
3853,30
26578,
580,
3890,
11632,
17484,
18149,
18298,
25503,12
19386,
10950,
26949,
4872,
4950,
21144,
22808,
21354,
22717,
26462,
26690,
3495,
22933,
24624,
5603,
24907,20
2216,
22606,2
10749,2
22234,
4900,
25269,
11209,
25091,
15757,
21659,
9530,
2742,12
25543,
9233,2
21911,
22804,
24813,
25864,
7126,
14071,12
8683,27
25890,
155,
4997,
24866,
15344,19
782,
2448,
3198,
24386,
6381,
4185,
16765,
11951,
14046,
24028,1 2
22255,
23808,
21762,
20242,
22750,
22595,
6870,
25201,
12137,
20801,
22268,0
23204,
24505,
3097,
22697,
26285,19
25869,
13034,
9095,12
26371,
9181,
26430,
458,
1703,
1205,
14013,2
7800,
25441,19
26433,
23337,
25587,
15200,
20642,
9112,
25461,
5719,
20988,12
21716,
23088,
12376,
23271,
15386,
22057,28
1981,
6379,
7627,0
22521,
20714,0
6724,
21894,
20850,
25600,
23962,
12704,
26686,12
3492,2
22748,
25509,
17244,
10173,
16470,
26120,
2903,1
20749,
26747,
19787,
21090,19
19099,
4547,
18183,
5819,
20956,
1267,28
23660,0
26383,
9987,19
22442,
23266,
2018,
868,28
21247,28
12414,
22786,
8014,
20800,
19836,
23260,
6161,
21063,
10890,
20652,
536,
23360,0
496,
26406,
23477,
25905,
22955,19
22387,
22213,12
17900,
14330,
24880,
65,0
18712,
19564,
22764,
3856,
25184,3
1385,
18490,
20947,
25179,
26594,
17700,
22974,0 30
11491,
12893,
25884,
13273,2
17837,
21037,
5427,
26103,
9897,
3241,
26657,
21942,19
14063,
20903,
25718,
6010,
10109,
108,
1250,
503,
23701,2
21369,0
636,12
17672,
5522,
14512,
24863,
22921,
11798,
26398,27
25440,
17918,
10450,19
26256,27
15903,
5232,28
25501,
20161,
22565,
20527,2
26806,
25209,
26883,
21128,
20966,
23731,0 2
20690,
64,
23649,2
17638,
24328,2
22605,27
20678,
8963,
4862,
8996,
23526,3
7449,8
22008,
25812,
25029,
9801,
23764,0
4457,
21897,28
23408,
22127,
20785,
4009,
5703,
26269,
25981,
13357,2
21805,
25084,
22855,
20447,
19402,
13956,
25947,3
20620,0
223,
21606,
22169,
278,0
20144,
5546,
26635,
26192,
18058,
19361,
4478,0
23758,
23833,
22065,
14069,
18087,2
554,
20861,
3837,
127,
23906,
16183,2
26846,
1350,
4306,2
21849,
346,
16412,
26332,
7650,12
19069,
2808,
20909,
92,28
26186,
26932,30
2687,
5906,
2057,
22289,
15257,
14832,
4160,3
12891,12
22807,
24720,
21258,
25791,
919,
13398,
20088,
17211,0
3429,
4158,2
21678,12
14436,
21644,
1532,
517,30
9704,3
6655,
26417,
385,
10150,2
20503,2
20640,
6372,19
10742,
3430,
3682,
13119,
25935,27
7680,
22236,
26107,20
25527,
19922,
26188,
755,
22929,30
5816,12
20839,
8515,
2156,
25825,0
2577,
1355,
1814,
12407,
25568,
22896,
20655,
21158,
9889,
13279,
22469,
20713,
25784,
22117,
2624,
21740,
22017,
15680,2
27010,
26738,
22211,
20674,
18108,
26515,27
26504,19
20431,
4117,15
26528,
1284,
2496,
25139,
25827,
9063,
19295,
16622,
705,28
17300,
7460,
26250,
22798,
20937,
23884,
574,27
495,
25747,0
5944,
26545,
26064,
6029,
20666,
20989,
24489,
18764,
22292,
6399,
23169,
9753,
26081,
2666,30
5200,
19517,
6771,
20572,0
25321,8
14964,
20420,0
17831,
230,
3150,
17340,
22455,
25559,
22302,2
6135,
22175,
24580,
25655,
25465,
21241,
22822,
25962,
3426,
25325,
23882,
7196,
23754,3
6528,
2824,
18702,
10118,2
11877,
12090,1 2
24099,
18480,
18929,
6750,
12781,0
23041,3
15722,
9972,
25128,2
22943,
20284,
4178,
8901,
639,
4685,2
22770,30
26005,
7286,
22648,27
10661,
21235,
25843,
18023,
9592,
1800,
20522,
21256,
5155,
22450,
23529,
22223,
7590,19
13014,
19360,
7946,
24472,
14215,0
20223,
24604,
22181,
5721,
1658,
20999,
2792,2
16538,19
20085,
9109,
4639,
4617,
23184,30
24809,
20673,
7268,
15507,
12239,
2477,
21222,19
451,
27001,
24579,12
24383,
20846,
6028,
10867,
15791,
23460,
20648,
2940,30
4974,0
598,
13870,
13422,2
4990,
11732,
8537,20
23681,
21770,
18212,
18834,3
14958,19
22026,
21565,
24965,
26293,
5605,
5126,
20775,
23663,0
2166,
1478,
19530,
8506,
18428,
13143,
12426,
20637,
20538,0
5531,
701,
12357,
5398,
2255,
15101,2
1113,
1075,3
8583,
17026,
15925,
21562,
24254,
19349,
5479,
23140,
13891,30
25167,
17539,
654,
23611,19
6257,
21751,
12354,0
11216,
5743,30
23654,
8231,28
20962,
5968,
10636,
1566,
9003,3
24534,
4315,
17393,27
24158,0
1602,
26039,
19105,
2547,
5902,
23086,2
10258,
10002,
22297,
16694,
13425,
390,
76,
20507,
24245,
3199,
20976,
14758,
20840,
16107,
6270,
21175,
20412,
26272,
17513,
741,
5455,
24502,12
24471,
11322,
21879,
26589,
523,
22081,
15844,
26974,2
20411,
6559,27
17906,
25374,
22461,2
16151,2
16695,30
3582,
23269,
7426,
21283,
4239,
10571,16
20877,28
25976,
25616,
20436,
869,
1128,
11197,
25995,
4570,
16459,
17525,
21670,
23120,
20761,0
24549,
14748,
21485,19
25609,
23966,
24084,2
23813,
17282,
22993,
24168,1
25686,
15026,
11725,3
26375,
13082,
4575,
1686,0
24058,
24438,30
11913,
23398,
3827,
19598,
26170,27
8678,19
20470,
3658,
25061,
18245,
6296,
25550,
24878,0 30
24586,
11090,
21115,
25889,
22404,2
2798,
17093,
26461,
20698,
8362,0
21412,2
26221,
251,
21219,
22554,
11008,
6737,
18789,0
363,
14507,
26347,
7162,
26459,
19938,
25906,12
140,
4631,
16813,
12861,
23458,0
7112,
5357,
10800,
20037,
20372,
22018,
22285,0
24063,
5654,
3456,
20076,
25508,
2387,
24098,
15227,
8386,
24301,
22583,20
11583,2
20157,
18395,
22072,
19832,
1599,
2328,
24698,
8552,
14221,
20851,
3767,
23178,
13759,
9199,
4149,
23658,2
7512,
10054,30
7160,
25714,
23117,30
24148,
10563,
2556,
17946,0
24475,
5461,
26391,
20699,
26875,
5596,
24560,
24416,
21822,
109,
165,
27028,0
23455,
228,
18513,
10116,19
20457,
1300,
12050,2
22128,
235,
6009,
10358,
5005,2
26877,19
24888,
1410,
17105,
21333,
1929,
19198,
4939,28
24147,
23356,
24352,
19795,
2120,
25070,28
26395,
24064,
22145,
25910,0
25925,
17278,
8261,
6473,19
26532,
9008,
15536,
26421,
21743,
17640,11
14671,
26160,
21245,
618,
24065,
10215,
19344,
18784,
11985,
26446,
25343,
22881,
15073,
16807,2
13840,
24984,
19507,
25934,
23666,
26622,0
3597,
10015,
26782,
11970,
24333,
22758,
13136,
19745,
22775,
22882,
5725,
20677,
24049,
4654,
26998,
9010,
15634,
13251,
25871,
24631,12
7074,
12642,11
22528,
19409,
26835,
4577,
7176,2
23627,
10739,
10052,28
24890,
21163,
23190,
23810,2
18147,12
2368,
3647,30
23626,
22624,
24336,
21545,
11596,
26816,
22981,
500,
2504,0 12
676,27
22015,
26638,0
17313,
272,
2848,
26423,27
22912,
22323,
23431,
8727,
5635,0
2918,0
25899,
14815,
671,
26748,
11,
657,0
25670,
21486,
670,
296,
26510,
2660,12
22060,
26737,12
23192,
12629,
4754,12 28
23646,2
10783,
19567,
16961,
22640,
24015,
24482,
21100,
659,
25958,
13045,
26485,
5174,
6248,
9410,
25922,
16754,
16542,
18751,
21126,
22281,
26964,
21929,
288,
17629,
24573,
16084,
1733,
24407,
3393,
26557,
17468,
14986,
18795,
24629,
1214,
10736,
19880,
22729,3
25157,0
10003,
6609,2
13076,12
13757,
10198,
8455,12 28
26779,
26678,
186,
164,
24421,
20630,
23587,
25546,
12784,3
104,
23113,27
24854,
23622,
26474,
10021,
25928,
21270,
12924,
26615,
1850,
12753,
21647,
17440,
23148,
25612,27
12061,
2154,
2975,2
10537,0
21906,
21303,12
8025,2
329,
21202,28
9369,
9991,
8544,0
20860,
277,
22557,
22068,
22835,1
18209,27
18699,
20911,
16582,30
23726,0
18599,0
22773,
22064,
6501,
22832,2
18591,12
18630,1
23769,
21535,
21334,
25511,
22436,
23040,
7766,
27021,
5183,
26499,27
20435,1
25739,
24915,
24304,0
9902,
14594,2
9531,
21264,12
26340,
25448,12
18780,12
13931,
4733,
22102,
20946,
16994,
18986,3
26351,
15235,
26441,
9129,
5751,
26154,
8341,12
858,0
9550,
24288,
24623,
26213,
23888,
4214,
3662,
23528,0
21228,
340,
9505,
10616,
2598,
23205,
8944,
18192,
9213,
16795,
6041,2
13843,
6216,
1330,
10308,
16928,
3245,
732,
13342,
16639,
26321,
10046,
22243,
18045,
24119,2
24737,
12124,
20276,
8618,
5798,
17478,
20938,
9742,12
365,
20822,
22736,
24454,
16219,19
26018,
26808,
18726,
24401,
17905,12
7516,
15574,
22700,
23661,
17523,
21679,
26927,
8193,12
23999,2
643,30
9148,
22416,
22420,27
26551,
23549,
20121,
3512,
25375,12
22644,
24102,
1587,
16762,
21778,
10363,
26665,
15674,
8239,
25800,
20783,
16253,0
10244,
11616,0
26508,
21325,
22173,12
15518,
8756,
13024,
5895,
22678,
19596,
24948,
14485,
22633,
20234,
7009,
9020,
18158,
3938,
21663,27
5516,12
25037,
13322,
20934,
25293,12
19882,
11799,
21117,
56,
26905,
20888,
5647,
24893,
13359,
21557,
15223,
24062,
8404,
26754,
23255,
26720,12
26350,27
7816,27
22712,19
8501,
23122,
11355,
26859,
8103,30
24108,2
26989,
123,
21951,
13256,
25124,
2279,
12754,
18006,
24364,
16338,2
25214,
12154,
14955,
19900,19
22191,
4953,0
1936,
16275,
21207,
262,
7167,
4167,
2467,
22990,30
25891,
23905,
16752,
23952,
24219,3
23923,
718,
23438,
26290,
23831,
2406,
4180,
26924,0 30
24397,
24871,3
18447,
7307,
14866,
13868,
5116,
8743,1
24493,
19621,
1172,2
8443,
15011,
25960,
8091,
8350,
23601,
11936,
24848,
14084,
10527,
5492,
25520,
556,2
22844,19
5986,
5242,
23806,2
166,
24785,
20665,
16926,12 28
10780,12 28
12128,
33,
474,
23760,
116,16
24519,
24515,
3037,
19825,
6765,
8923,
6178,
10763,
8030,
26093,
17472,
4425,
15792,12
16728,
22395,0 12
23692,
15126,
22038,
24853,0
20277,
5847,
5579,
4060,
25416,
24200,0
26795,
25351,
12732,
21195,28
15770,
21306,
10824,0
8580,2
23554,
161,
20153,
23226,
21672,
16206,
26114,27
5035,
24446,
7947,
234,
6888,
20868,
17689,0
6105,
12583,0
7607,12
24209,1
261,30
21456,12
26813,
18482,12
23162,
15628,2
21392,
18868,
1132,
20762,
23295,
24609,
24901,
23524,
24977,
12345,
21215,19
23534,
7764,27
23766,
22430,
24322,1 2
13042,
6387,
13218,
17630,
25937,
9377,
302,
11860,
18379,
26671,
26732,
17658,2
10670,
22576,
1283,
2830,
25038,
14464,3
25116,
7701,
17224,
23881,2
545,
9903,2
22733,
16746,
25603,
25802,
62,
23304,
7667,
23498,
20343,
25022,
6054,
23102,
9970,8
21552,
5033,19
23814,
13605,3
23035,
24582,12
13765,
26287,
25169,
7515,27
15388,
8561,
3951,0
22291,
20540,
24187,
16170,16
4979,
10718,
25908,
22838,0
8545,
20923,0
13887,0
23733,2
9985,
1170,
4483,
22762,
18372,2
23908,
10535,
21948,
5134,
22231,
19270,
22755,
5958,
21653,27
19336,
17359,
25382,
8219,
22403,
1539,
15542,
25059,20
24029,
2324,
13793,
23713,0
1485,
24896,
5606,
3008,12
19941,
25613,
18663,3
21114,
1474,2
4579,
12858,
25888,27
19548,
21983,
23985,
20395,
17148,
23268,
16270,30
26219,
16671,
6247,
10442,
925,
23672,0
25664,19
16057,
21752,
25807,11
23319,
4150,
12880,
2534,
4646,
19915,
7514,
23699,
25165,0
22910,
25439,
26703,27
409,
12476,
586,
9960,
24139,
21731,
8721,
26447,
537,
21022,
8280,
13913,
22593,
23655,0
22658,
14117,
7280,1
2174,
26503,
20119,
20908,
21410,
747,
2596,
8297,
24126,3
2683,
25002,
15247,
8016,3
14956,8
23685,
3102,
19481,27
14515,
23860,1
21105,
538,1
3002,
512,
17957,
19127,
13111,
1169,
22728,
954,
12127,0
11910,
13366,
21177,
14531,
15050,
6402,
26740,
24080,0
22356,
18774,
20927,
240,2
26169,
21003,
25372,
25057,
23901,
24155,
25641,
4230,
22219,
10211,
249,
5589,0
23106,0
2703,
1281,
20700,2
23547,
19075,
9954,
24664,
3024,
18564,
4309,
26187,
5622,0
25279,
10414,
17394,
11679,
23928,
26493,
60,
23336,
16074,
12098,
18011,
6423,
5187,
10203,
1890,
24448,
20543,
22154,0 30
25532,12
13755,0
306,12
23849,2
13726,
26870,
7546,
24498,12
1204,
25330,
23950,
16561,
23180,
19980,12
26733,
6442,11
18383,12
10995,
24078,
4480,0
13266,
6587,12
23239,
17662,
19639,
22402,
17982,2
114,
23997,
11539,12
21569,
8322,
4186,
7211,
1620,2
26709,
20548,
24931,
13507,
22514,
21116,
23835,0
25396,19
21969,
17827,
13057,
21205,
15697,27
11479,
8383,
7396,
26832,
22611,
25324,20
21345,
4743,
20598,
2513,
18394,3
19483,
23594,2
22421,
487,
21888,
6348,
1772,2
21645,27
22823,1
22296,
26203,
16454,
18423,
19641,11
25963,
21775,
16447,
23982,
44,28
4561,
13444,
23704,2
9820,
19339,
16073,
21713,12
8222,
22538,
631,
17161,
4875,
3850,
8792,
16065,12
15000,
25513,12
16520,
24480,
8824,
3365,
5933,
6960,
18674,
21995,
24230,
20506,
3411,
13611,
13363,
26011,
26109,
25946,27
22986,
22782,
23270,
26634,
15827,
5206,12
22204,
25557,27
25174,
18113,
21143,12
10845,0
23361,
16015,
12599,
10368,
26157,
27003,28
11481,2
6162,20
26148,
12244,30
18939,
6546,
23914,2
25317,
21542,
25841,
5949,
25221,
19102,
22559,
25758,
21520,
6935,
22089,
6167,27
21033,
24748,
26306,
26822,
20965,12
26112,
24184,
26096,
24754,
22110,
14195,0
26706,
23350,
4323,
21227,
310,
17843,
21505,
23402,
1932,
15078,
18440,
16836,
21216,
23020,
283,
13986,
26778,
134,
24894,
403,
26617,2
9536,
927,
24295,
4981,
22109,
21268,
25319,12
8509,
10872,1
16402,
448,
16142,
16256,2
24042,
472,
26068,
20414,
24357,
25358,
8309,
24313,
9634,
10855,12
1762,
26032,
21655,2
18281,
17546,20
37,
12130,
6298,
26310,27
21818,
23182,
25140,
26280,
1877,
7733,
17826,
24349,
22863,
8797,
12661,
7525,0
623,2
508,
17447,3
23273,
23582,
25730,
9033,
9737,3
18503,
15529,2
23540,
23518,
24344,1
6264,
10843,2
13560,
8899,
10755,
23968,
6378,
26921,
25549,
16759,
13889,
24816,
26969,
2987,
8423,
16188,
13877,
3862,
3726,28
14228,1
21027,
4290,
21636,20
22311,2
18807,
1831,
24025,
12495,
19225,
22516,
11283,
24329,
22194,
3780,
12330,
22014,
10233,
23869,
9789,
22116,
22318,
21445,
13207,
14617,
6911,
10794,0
8760,2
25561,
22876,
22737,
11385,
24546,12 27
18887,
25354,
216,
8776,
21182,28
23423,
203,0
11500,
22976,
26554,
18164,
14943,0
17344,
15950,
11525,
577,0
19657,
3229,0
22361,
22343,
5759,
18026,
6573,
23252,
21382,0
9157,28
26661,
19477,0
21729,
18293,
25460,
14431,
26365,
2716,
18082,
23954,2
20996,
6553,1
10386,
10731,
15641,
18963,
13276,
26820,2
26229,
23996,
22709,
3880,
5070,
2626,
20534,
2106,2
1678,
8696,
2188,
8088,
13201,
21280,
21274,
21127,
20990,
14618,30
21833,2
20968,12 28
25092,
24231,
231,2
552,
25407,
12763,
7342,
22746,3
15662,
21722,
26281,
26130,
12089,
26330,0
7906,2
16626,
17433,12
21788,
632,0 28
19410,
8449,1
26074,
19144,
16646,
11256,
124,
24123,0
19335,
20389,
21623,
22031,27
26439,
20587,
1191,
18027,
22768,
8837,30
8396,
23890,2
7340,
23018,
16596,0
20328,2
3863,12
14311,
9452,
178,2
20077,30
22925,2
10952,2
15220,
10612,
18273,
1313,
9472,
13856,
21715,
8393,
10838,
2060,28
24140,3
6023,
23044,
4606,
4056,
19245,
26317,
756,
18185,
25347,
21496,
18872,
1243,3
25245,
18386,12
11646,
24570,12
25136,
19059,12
17587,
6643,
17547,
2559,0
14911,2
16644,
8919,3
26741,
531,0
24869,
299,
2668,
6429,
19026,
24578,
24044,
26048,
22394,
25829,
21157,
22115,
20814,
21179,
10149,
380,
21097,
18378,
7962,
1986,
17937,
23521,
6552,
15540,28
26937,
4257,
5850,
8653,
21884,
11873,28
9581,
13155,
23691,
21036,0
25823,2
21293,
6707,2
25222,
10264,
24721,12
21190,
21721,
21068,
2429,
17114,
21394,27
24056,
25355,
23720,2
6265,2
6831,
6263,
20694,
5899,2
8654,0
22184,
24298,
24957,12
24440,
8567,0
23335,2
6447,
15197,
22505,
13365,
24506,
19032,
22451,
736,
20667,
21554,
20986,0
20606,0
26768,12
20676,
10218,
22781,2
22959,
265,
16167,
26521,
6076,
24296,
19995,
12777,
9152,
1646,
3215,2
7239,
26153,
3867,
21038,
6608,
5689,15
21072,1
16304,
26190,
26670,
14264,12
6794,
23562,2
7535,
16124,
341,
10733,2
11294,
15761,
24142,2
5305,
16135,
23552,2
18221,
15298,
1083,
24852,
23798,
24396,
7665,
5371,
23978,
20682,
18165,0
6218,28
14583,
20672,
21326,
17365,
4837,
1419,
23543,
22518,
14226,0
24677,
24468,
25589,
14837,8
6421,
17474,
5503,2
18188,
23310,
14460,
665,
5445,12
20893,
464,12
19713,19
2573,
18117,
13174,0
7895,
25866,
17425,
11722,
4378,
22599,
25751,
4450,
22597,
24930,12
2985,
18775,
4771,
24634,
21914,
25682,27
22970,
332,
16859,
20681,28
8880,
6250,
26598,
1120,
1746,
933,
23279,2
20716,
22708,
20551,
1530,
14921,3
21719,
16102,
24796,2
24882,
562,
26388,
16980,
21004,
9525,
2956,12 28
10988,0
16586,30
19465,
18265,
9432,12
26209,
22680,2
21685,
25198,12
2743,
24571,
8565,0 12
15948,27
15186,12
13833,
18612,
23224,2
8927,1
15760,0
24656,
15865,0
20856,
24728,19
8135,
8006,
5146,
14626,
3683,20
22987,
9504,0
6645,2
7629,
25815,
22800,
26917,
25393,
11271,12
13193,
20615,
14422,2
881,
14736,
575,
20523,
23404,
9355,
24540,12
10714,
26015,
13301,
25593,
11061,
2296,
386,
337,
5964,
4539,
12425,
14301,
4300,
6979,
23385,0
22091,
26725,
16787,
17737,27
18926,3
27004,
26131,30
26786,
12698,
21764,
21705,
6303,
15599,
2370,0
26435,27
23609,0
16714,
214,
24021,2
13108,
21534,
23822,2
807,
24689,
20654,
21612,
24474,
4326,
20880,
17779,19
21855,
20892,
25666,
21475,
19281,
20935,
2704,
18186,28
5563,
21091,30
6137,
18287,
13281,
26571,
10398,
23028,0 30
14804,
11044,
16068,
25331,
26818,
26603,
19646,
20601,2
20680,
15015,
23610,0
25699,0
22185,
23644,3
24973,12
543,
13777,
10870,
9459,
14120,
22544,
23787,16
15245,
24262,2
465,
2588,
11944,
16294,
18501,
21324,
21017,
21057,
25003,
2813,
22780,
26660,
25897,0 12
21364,
22447,
2706,28
25492,
23771,
18511,
4436,
2720,
14686,
19904,
18618,2 30
15224,
18107,
21823,
26224,
23234,
5724,
26178,
22769,
19848,
13751,27
26602,
2024,
20895,
21728,27
2488,20
11363,
8104,
26059,27
14777,
5594,1
13235,
21843,
19575,0
20511,
1770,3
26339,
22477,
2599,
21773,
20725,
23179,
22674,
25854,19
6676,
24945,12
26206,
22352,
2195,2
25536,
9476,
18653,
9920,30
23755,
12197,
22536,
26359,
8592,
25334,12
1622,
24673,12
7786,
691,
21050,
23433,2
23548,
16464,
14973,
26372,27
23159,2
1575,
5523,
25150,
25973,27
25190,
6719,
20961,19
20896,12
1271,
27,
23870,
2854,0
1707,
21829,
325,
12696,
26562,
13167,
20780,1
21910,
8075,
25289,
5528,
23288,
24543,
22888,
185,
6679,
20742,
22095,
25405,12
13,
6431,
22409,
23848,2
7993,
24577,
10863,
1108,
24912,
8242,
6908,
22859,
4267,
25584,
21597,
25399,
12133,
21857,
3422,
23145,
22927,0
14136,
26906,
478,12
19161,0 30
23656,3
21261,
359,
22002,
12349,3
20532,
24390,
21162,
24988,
21896,
13062,
3140,
21402,
18814,
24660,
23817,2
16414,
224,
20864,
21041,
355,
24190,
19560,
4960,
26031,
23705,19
21691,
3859,
358,
26556,
20914,
10461,
19323,
20661,
26194,
10893,
2390,
25586,
22331,0
3151,2
20526,3
16478,
22449,
2802,
24039,
23983,
5380,
2320,
11565,1
14508,
3994,0
21194,12
18412,
3146,
402,
13761,19
24512,
67,
10924,
15309,
11099,
25223,
5536,
837,
21377,
6919,2
19129,
26353,
4395,
15643,
25401,
11244,
2356,
21336,
21727,
16305,
26007,
9749,
12111,
19414,
21714,
7305,30
24130,
24705,
13742,
6564,
22414,
22401,
15589,
14452,
15405,
17039,12
14868,28
16114,
12999,0
12261,
16771,
13735,
3847,
2777,
5303,
10077,
1783,
16348,
4558,
6497,
3045,
1488,
20871,
13985,30
12318,
20859,
22632,
3059,12
24362,
21707,
10104,
7880,
18442,
25620,
11541,
7757,
1,
9514,
26994,
24709,
21747,
4535,
10075,
21652,27
20767,
15655,
25606,19
26207,
375,
11286,
1999,
2323,
2934,
225,
21080,
4860,
25982,
684,
9490,
561,27
24208,
11729,
17155,
25466,12
23875,0
15307,
26414,
8608,
22308,
1717,
2922,0
18980,
7573,
21875,
24161,2
8658,0 3
21615,
20905,
6761,
645,
15561,
25701,
22975,0
22275,
22492,
22190,
20972,
9518,
25967,
9656,2
9453,
2372,
17559,
22939,
8522,
15381,19
2046,
253,
5581,
22381,
6352,2
24427,
24830,
25969,
2992,3
26026,
21366,
20038,
21937,
22389,
9909,
26600,
13075,
4854,
2343,
25883,
21008,12
4777,
14853,
630,
22502,
20468,
22588,
25898,
24599,
4023,
26403,
10296,12
25044,
137,20
9621,
22934,
20748,28
24607,
19627,
24900,
23947,
18056,2
20334,30
7605,
815,
14021,12
11818,
24723,20
15826,1
21832,
24986,
6704,
1455,
972,12
16842,
26247,
22063,
8174,
23919,
24855,0
1354,
16216,
17745,
20473,0
2366,
25521,12
7835,
24359,
23091,
14489,
25961,
10993,12
260,
20721,
10650,
8373,
4338,
10574,
25624,
14260,
5294,3
10228,
5327,
3111,
20835,
12218,
18508,
23081,0
26069,27
8958,
23696,
23125,
20977,
17881,
14678,
20536,2
16448,
23112,
23903,
10844,
1577,
14079,
4797,
25514,
14993,
4490,
1469,
18946,
25860,
13993,
24610,
22350,2
40,
24032,
9620,
23588,
2950,
22290,
25249,
6290,
26286,
2665,19
21066,
23739,
12324,
21563,
21225,
21693,1
23826,3
22471,
12173,
14245,
23854,
103,20
8235,
6329,
21424,19
269,
6522,
14801,
23388,2
24009,
27008,
10020,
4995,
19743,
11550,
24969,
16719,
17963,
22902,2
6664,0 30
22086,
5883,
202,
1842,
553,
5571,12
21047,
17565,
6616,
4199,1
26523,
23129,1
22515,
26721,8
16688,
12362,
25264,
18238,
20701,
22092,19
5980,2
7246,
147,
24763,
5007,27
10773,30
24650,
21758,
11864,
22359,0
23568,2
4260,
22030,
21192,
3983,
24742,
21129,
11769,
26640,
26065,
6446,
24693,
20454,2
15606,0
10216,
2747,0
21600,
25954,
24735,
11761,
4319,
23261,0
25598,
6039,
12382,2
3290,0
2289,
25200,
26278,
23135,
2712,
22816,
21824,
22574,
502,
22196,
5667,
16328,
22179,
20556,
23689,
23185,2
970,
1861,
25838,
15413,
25836,2
25041,
21478,
20493,
6618,
24630,
22388,
25737,
22567,2
22667,
14965,3
16355,
22158,
17276,12
25913,
26550,
21820,28
21634,
22642,
3628,
696,19
15679,
26205,
23853,
23963,
23904,
26843,
8,
20781,2
17080,0
23953,
22711,
14376,
21851,
6990,
22340,
16969,
13629,2
20951,
50,
23214,
24654,
14220,
3010,
23531,
19090,
26135,
16689,
13981,
9455,
10594,
7217,0
4136,
14057,
6999,
14859,
3330,19
15563,12
22010,
7876,
5803,
22070,28
21079,
22830,
25953,
18396,
10611,
22120,19
25885,
15066,
21463,
19630,
17686,
26971,
4461,
20429,1 2
23718,
23334,
23282,2
16685,12 28
15670,
26183,
26450,
22686,19
247,
26432,27
25143,
8591,0
23925,
25488,
20918,2
26894,30
25832,
9408,
25368,
11034,
24566,
21060,2
19656,
24584,
22499,0
25462,12
21974,
25176,
1546,
24361,19
13519,0
16833,
21361,
23565,2 3
11202,
17829,27
7069,
21434,
5419,
26348,27
16528,
8702,
16298,
2242,
23076,0
20187,
26913,
854,0
783,
8085,
6550,2
3716,0
23598,
26814,
3871,
3689,
514,
20651,28
22901,
4945,
8077,
8181,12
24602,19
243,
25755,
26923,
4935,
26691,12
7152,0
20303,
20186,0
21281,
26719,
22177,
26771,
18572,
16197,
25402,19
7424,
24690,
24522,19
22197,
1731,
12963,
12655,
10889,
7824,
21243,12 28
13731,
22227,
25944,
11441,
1077,1
17614,
23396,
5295,3
16018,
12911,
4444,
25328,
8937,
21425,
20046,
19167,
1768,
6243,
24280,
20659,
4804,
21704,
10818,2
18760,0
4334,
12325,
191,
14716,
14599,28
15565,
3976,
26277,
324,
15919,
23767,
15008,
17180,
4318,
23991,0
27032,
22511,12 28
6152,0
20739,
624,
6903,
21603,
24317,1
3115,0
11657,
18942,
8604,
7815,
23343,
22098,
8325,
8237,
7727,
26925,
7477,
20639,
21471,
6940,
22027,
266,
27014,
1352,
22684,27
1376,27
25083,
8201,
13784,
20386,30
8539,
8188,
21064,0
24822,2
25426,8
24326,
21900,
1865,
2202,
26860,16 30
13640,
6120,
18065,
25685,
16643,
26533,27
20471,
19133,
9509,
25308,12
26842,
319,12
11573,
17566,
13675,
9694,
22660,
597,
3342,
136,20
24544,
24601,
12890,
23218,3
21171,
15464,12
22868,
21351,
25708,
21578,
11511,
25290,
23532,
19844,
24356,1
9619,
20485,
5051,27
23157,
17990,12
20446,0
25821,
15157,12
93,
10687,
6700,
22490,
26022,
25819,
11548,
17536,
457,
8183,
26518,27
23544,
21164,28
7581,
24075,1
24765,
17339,
15466,
24711,12
5747,
23471,
3118,12
1380,
5289,
2764,2
26452,
26982,
285,
23052,
2839,
19251,
13436,2
23938,
14552,12
13549,
23141,
16081,0
2394,0
15650,
19037,
4125,
21901,19
24082,0
24477,
15054,
17362,
21356,
7290,
1844,
24589,
18594,
22405,1
16357,
16539,
24861,
15587,
258,
12916,27
23055,
23323,
12771,0 30
7491,
23563,
19325,30
664,
22298,
26653,
25381,
18361,
26558,
18689,30
3031,
20452,
18279,
9218,
1499,0
23137,
7127,
20950,0
25121,
25270,
26401,
25816,
5331,
22241,
21699,
23448,0
2493,
23650,0
11307,
1450,
23514,1
17673,
23403,
5366,
14533,
24891,
5532,27
24982,
21359,
22724,
26516,
20592,2
15895,2
26140,
23484,
26839,
291,
22141,
1883,3
20960,
17747,
634,2
9100,
26784,
26882,
1307,
12301,
10586,
26544,
4272,27
21477,
303,
21399,
24149,
20434,
25859,
20549,
12865,12
26075,
24442,
2317,12
3047,
344,
7269,
26251,
20409,
21726,
23874,
5686,
25765,
24145,0
23220,2
23796,0
1158,
14829,
9299,
10010,
20054,
9686,30
23581,
7267,
23573,
22061,28
3063,
23630,2
23187,30
17796,
11563,
3441,0
22198,
26230,
23195,
22693,
21317,
14865,
5595,
6188,
25650,
23911,
6507,
3834,12
19434,
2288,
6037,
23479,
20943,
23264,0
11296,
2790,28
22349,
13275,
25098,
21328,
10448,
18071,
21457,
24214,
12260,
23342,
24554,
22433,2
21774,
22907,
24819,
24285,
18403,27
16629,
11549,30
26289,
22893,
17126,
23275,2
21506,
22041,
9773,
21311,
25199,
24369,
24408,
7982,19
22578,
24551,
384,
13989,
6416,
7682,
1451,
26042,
25349,
5313,
17988,
22299,
18331,
12058,0
8602,
1430,2
14520,
20316,
5924,
21572,
5795,
3195,
6688,
12515,0
25834,2
26259,
14110,
8527,
22594,
23946,1
16475,
7901,1
7545,
8858,
15385,
23439,
21996,
23617,2
429,
24998,
8047,
20566,3
10786,
24464,
21077,12
20816,
16174,
26025,
24899,
5278,
19393,
20430,
26890,
26363,
19680,
9553,
20983,2 30
25772,3
18173,
23620,2
3959,
11800,
18441,
26606,
23427,
21450,
162,
26407,27
8569,
1904,
14096,
26862,
25882,
22524,2
20370,
511,3
20952,
22842,2
20627,2
21841,
26705,
25206,
18930,
21012,
446,
15798,
20563,
22790,
11019,
21979,28
26449,
220,19
21836,
9480,
1272,2
14216,
22370,
22051,
9356,
20854,28
19472,
3775,
3434,
20520,
14510,
655,
7899,
505,12 28
6437,
25389,12
395,
3779,
24867,
5043,
25939,
2995,
9167,
7677,
12837,
20959,
23339,
17059,
20997,
18820,
19952,0
27036,
15063,
12685,
21605,
20645,
3583,
3836,
1722,0
5225,
12617,
22880,
20647,
19514,
25435,12
23763,1
14791,
23819,0
24713,
7320,
15081,
5188,
17107,2
20744,
5598,
3497,
3117,2
979,30
22691,
6353,
4504,
5948,
25361,
17676,12
25005,
2851,30
12037,30
19397,
8942,2
15316,
23773,
29,
21156,
21305,12 28
21804,
23383,3
16244,
20160,
2960,
22726,3
6635,
1573,
19390,
9838,2
23094,
24526,
23664,
16,
18458,
25564,
19721,
20559,
23635,
13612,
27007,
23723,
20025,
604,19
26078,
19916,
10254,1 28
15556,
25286,
8398,
26967,0
9477,8 10
21320,12
19993,8
22238,
20803,
24963,
26304,
638,
11073,0
25769,
26626,
25738,
23574,
19965,
15058,
20577,
21675,28
24553,
14769,
23579,
4551,
24360,
18228,
20235,
20879,
18785,
704,
25215,
20363,
10209,2
23648,2
5100,
7797,
26349,
26591,
23008,3
24769,
360,
184,0 2
13058,0
26082,
23453,0
24268,
22915,
23025,
19815,
26087,
19934,
21151,
25909,
25548,
1832,0
22273,
22620,0
6541,
16273,2
13517,
4179,
18620,
20731,
1633,
17285,2
26852,3
14198,27
26302,27
4767,
25366,
3783,19
18899,
11227,
26610,
26942,0 30
7869,12
19485,0
7619,
7721,
10366,
648,
18690,
14592,
19486,
24191,
22806,
7022,
942,
20707,
24976,
19997,
27020,
25365,
6614,
2315,
23836,3
23238,3
22279,20
21920,
19975,30
24469,
16287,
25443,
20423,
20567,
11702,
23290,
22325,
22937,
22182,
19310,
16987,
26246,
5631,
20772,
22427,
835,
21120,
24954,
21706,
11077,2
14255,
26584,
26828,
14981,
23278,
21416,
25515,
4337,0
11145,
190,
7551,
23490,0
22478,
615,
1312,28
26587,20
7793,
23657,
6680,
13377,1
9511,
2340,
20009,
22407,
22076,
15331,3
22604,
308,
8012,0
12099,
24636,
11874,
8689,35
26384,
25698,
24315,
26268,
5350,
8150,
22215,
19207,12
14430,19
12023,
13969,
1164,
23747,3
24460,
19015,
22326,0
26214,
1028,
3143,
7123,28
18012,
3892,
25255,12
26162,
99,
4677,
14723,
499,2
25076,
6190,
24374,
23152,
8911,
19568,0
20828,
23790,
5067,0
21184,
5016,
748,
26062,
6087,
11575,
18655,
20964,28
16315,
21314,
24423,0
13226,1
13433,
26886,
13719,
9272,
25569,27
26553,
25239,
20852,
16039,
3491,
11609,1
11647,
20346,
4909,
18934,
26385,
25709,
26769,
5545,
25305,
4113,
23420,
15484,
20910,12
19173,
5031,12
21871,
13786,0
25077,
6494,
15531,2
23056,
23359,
26274,
22695,
26880,
2656,
12335,
16434,
6236,
2783,28
1828,
555,
11464,
5517,
10712,
10001,
3352,
21489,
19726,
19150,0 2
26817,
23621,
25207,
19029,12 28
1857,
25463,19
8731,
996,
26788,
19479,2
1992,
23748,
21907,
16396,
12684,
1665,2
7831,
5499,
3409,
13139,
26175,
7673,
23493,
12991,
13197,
2920,12
24192,8
21629,
26319,
8061,
171,
1810,
23330,
8124,
5472,0 12
8796,
15532,
1969,
24806,
21231,
24412,
21711,
15963,
23502,
13194,
8516,
5776,
3417,
10429,
15283,
20717,2
24695,
20688,19
9628,
26408,27
25477,
3918,
25872,
26898,
12609,
14360,
18969,
23698,
19676,
22046,28
21487,
5757,
22672,
22950,2
15635,
21491,
17009,
25720,
13470,
25142,
22253,
4656,
15873,
22885,
21272,
15617,19
3523,
24925,
6327,
530,
20221,
